<?xml version="1.0" encoding="UTF-8"?>
<project-private xmlns="http://www.netbeans.org/ns/project-private/1">
    <editor-bookmarks xmlns="http://www.netbeans.org/ns/editor-bookmarks/1"/>
    <editor-bookmarks xmlns="http://www.netbeans.org/ns/editor-bookmarks/2" lastBookmarkId="0"/>
    <open-files xmlns="http://www.netbeans.org/ns/projectui-open-files/2">
        <group>
            <file>file:/E:/netbeans/newlogin/src/newlogin/ReRegister.java</file>
            <file>file:/E:/netbeans/newlogin/src/newlogin/Log.java</file>
            <file>file:/E:/netbeans/newlogin/src/newlogin/frame.java</file>
            <file>file:/E:/netbeans/newlogin/src/newlogin/Newlogin.java</file>
        </group>
        <group name="mini1">
            <file>file:/C:/Users/G%20M%20Akshay%20%20Bhat/NETBEANSGROUP2/newlogin/src/newlogin/Table1.java</file>
            <file>file:/C:/Users/G%20M%20Akshay%20%20Bhat/NETBEANSGROUP2/newlogin/src/newlogin/Mykeynavbeh.java</file>
            <file>file:/C:/Users/G%20M%20Akshay%20%20Bhat/NETBEANSGROUP2/newlogin/src/newlogin/Newlogin.java</file>
            <file>file:/C:/Users/G%20M%20Akshay%20%20Bhat/NETBEANSGROUP2/newlogin/src/newlogin/rules.java</file>
            <file>file:/C:/Users/G%20M%20Akshay%20%20Bhat/NETBEANSGROUP2/newlogin/src/newlogin/Log1.java</file>
            <file>file:/C:/Users/G%20M%20Akshay%20%20Bhat/NETBEANSGROUP2/newlogin/src/newlogin/ReRegister.java</file>
            <file>file:/C:/Users/G%20M%20Akshay%20%20Bhat/NETBEANSGROUP2/newlogin/src/newlogin/frame.java</file>
            <file>file:/C:/Users/G%20M%20Akshay%20%20Bhat/NETBEANSGROUP2/newlogin/src/newlogin/Mykeynavbeh2.java</file>
        </group>
    </open-files>
</project-private>
